scene,clean_sbr,clean_ppp,noisy_sbr,noisy_ppp,ssim_clean_alg,ssim_degraded,ssim_noisy_alg,gain
s_u,9.889,689.10,4.604,60.10,0.7287,0.7749,0.7168,-0.0581
mannequin,4.393,619.92,4.037,58.22,0.7521,0.5881,0.7359,+0.1478
exit_sign,197.448,5372.75,4.884,57.84,0.9536,0.3591,0.7401,+0.3809
diffuse_s,4.225,306.20,4.047,59.55,0.6571,0.5030,0.6395,+0.1365
outdoor_s,6.506,739.04,4.381,54.97,0.8640,0.5330,0.7207,+0.1877
resolution_chart_40cm,43.603,2233.20,4.863,59.22,0.9022,0.3863,0.7330,+0.3467
resolution_chart_65cm,24.198,1159.84,4.817,58.14,0.8065,0.2687,0.5668,+0.2980
dot_chart_40cm,17.486,817.83,4.740,57.58,0.8818,0.5350,0.7603,+0.2253
dot_chart_65cm,15.170,428.73,4.705,57.91,0.7950,0.4278,0.6566,+0.2288
